serving_size,energy-kcal_100g,fat_100g,cholesterol_100g,carbohydrates_100g,sugars_100g,fiber_100g,proteins_100g,sodium_100g,vitamin-c_100g,vitamin-b12_100g,potassium_100g,calcium_100g,iron_100g
4.199999999999999,491.27,22.78,0.0092,69.19200000000001,32.153999999999996,1.9099999999999997,4.342,0.320424,0.00039999999999999845,-3.3881317890172014e-21,0.111,0.013600000000000001,0.0016940000000000002
325.0,15.800000000000011,0.923,0.00615,1.230000000000004,0.30799999999999983,0.3079999999999994,9.23,0.07190000000000002,0.0142,0.000185,0.0646,0.2,0.0005539999999999998
3.0,469.0,28.12,0.016,62.5,0.0,6.2,6.25,0.425,0.0,0.0,0.131,0.0,0.00225
1.0,375.0,10.42,0.0,58.33,25.0,8.3,16.67,0.25,0.025,1e-05,0.24,0.7290000000000001,0.01125
1.0,381.944444444445,4.42708333333335,0.0,66.4930555555555,32.2916666666665,5.9027777777778,5.9027777777778,0.4453125,0.017750000000000002,4.0100000000000006e-06,0.1015,0.33649999999999997,0.012029999999999999
